da02,1706576519948838,7.0844936,0.81296986,1.08161,10,1047
da02,1706576519950431,7.0750384,0.82243574,1.0891875,8,1048
da02,1706576519951532,7.0680194,0.82507122,1.0933806,8,1049
da02,1706576519952406,7.0726433,0.82867384,1.0970564,9,1050
da02,1706576519953258,7.079143,0.83516407,1.0952537,10,1051
da02,1706576519954112,7.0770125,0.82350188,1.0891349,9,1052
da02,1706576519954969,7.071207,0.8154549,1.0833062,9,1053
da02,1706576519955822,7.08115,0.820054,1.0926185,10,1054
da02,1706576519956672,7.0817423,0.82340723,1.097447,9,1055
da02,1706576519957523,7.0828452,0.83299637,1.1019886,9,1056
da02,1706576519958374,7.0891671,0.835119,1.0935179,11,1057
da02,1706576519959249,7.0888314,0.81600189,1.0908542,9,1058
da02,1706576519960098,7.0939884,0.82534641,1.087324,11,1059
da02,1706576519960994,7.0849543,0.82356018,1.0913492,8,1060
da02,1706576519961863,7.084909,0.83125627,1.0956041,9,1061
da02,1706576519962717,7.0773873,0.82881361,1.0840871,9,1062
da02,1706576519963572,7.0834012,0.81700093,1.0733546,11,1063
da02,1706576519964426,7.0841632,0.82486945,1.078977,10,1064
da02,1706576519965278,7.0759158,0.80705333,1.0856818,7,1065
da02,1706576519966127,7.0672503,0.80833519,1.0805981,8,1066
da02,1706576519966976,7.0632472,0.79578066,1.0796683,8,1067
da02,1706576519967824,7.0751958,0.78319323,1.0781407,10,1068
da02,1706576519968678,7.0770059,0.790551,1.079932,9,1069
da02,1706576519969533,7.0633307,0.80600244,1.076947,8,1070
da02,1706576519970381,7.0573845,0.81011969,1.081308,8,1071
da02,1706576519971302,7.05761,0.8054086,1.0847145,8,1072
da02,1706576519972188,7.0538516,0.81006527,1.0857865,8,1073
da02,1706576519973039,7.06799,0.80519366,1.0822957,11,1074
da02,1706576519973890,7.0595965,0.81845772,1.0847645,8,1075
da02,1706576519974738,7.0651436,0.82705975,1.0881876,9,1076
da02,1706576519975586,7.0641732,0.81962615,1.0888811,8,1077
da02,1706576519976433,7.0575209,0.8274793,1.0837988,8,1078
da02,1706576519977284,7.0684547,0.81823379,1.077571,10,1079
da02,1706576519978135,7.0543928,0.81919378,1.0836196,8,1080
da02,1706576519978985,7.054369,0.82637745,1.092496,8,1081
da02,1706576519979840,7.0623641,0.807559,1.0921437,9,1082
da02,1706576519980691,7.0480227,0.82726926,1.0876056,8,1083
da02,1706576519981616,7.05255,0.81417048,1.0902212,8,1084
da02,1706576519982468,7.054728,0.808829,1.0938497,8,1085
da02,1706576519983315,7.0726619,0.81929696,1.0871104,12,1086
da02,1706576519984166,7.0720115,0.81944573,1.0892714,9,1087
da02,1706576519985014,7.0780797,0.81553769,1.0905308,10,1088
da02,1706576519985863,7.0644455,0.80565012,1.0789063,8,1089
da02,1706576519986712,7.0640903,0.800974,1.0747178,9,1090
da02,1706576519987630,7.0713015,0.80804586,1.0755119,10,1091
da02,1706576519988497,7.0776563,0.80024296,1.0781388,10,1092
da02,1706576519989360,7.0756617,0.8118816,1.0809374,9,1093
da02,1706576519990232,7.0641603,0.80249882,1.0838031,7,1094
da02,1706576519991165,7.0795856,0.80035555,1.0739113,12,1095
da02,1706576519992041,7.0583797,0.815533,1.0712334,8,1096
da02,1706576519992898,7.0639772,0.81291592,1.0843697,8,1097
da02,1706576519993752,7.0768123,0.82599181,1.0881732,11,1098
da02,1706576519994615,7.0851016,0.82387441,1.086183,11,1099
da02,1706576519995476,7.0765729,0.81197941,1.0776412,9,1100
da02,1706576519996330,7.0720544,0.8276791,1.0861864,8,1101
da02,1706576519997175,7.0727782,0.822423,1.0796607,10,1102
da02,1706576519998022,7.071939,0.83304226,1.0759727,10,1103
da02,1706576519998873,7.0747442,0.8409903,1.07997,10,1104
da02,1706576519999732,7.0808396,0.83207744,1.089806,9,1105
da02,1706576520000595,7.0755353,0.82602453,1.0859581,9,1106
da02,1706576520001504,7.0854058,0.81718057,1.082162,11,1107
da02,1706576520002358,7.071588,0.81844652,1.1011263,8,1108
da02,1706576520003207,7.0760632,0.82748622,1.0950546,10,1109
da02,1706576520004066,7.0690722,0.8353011,1.0858265,9,1110
da02,1706576520004925,7.0640287,0.82884139,1.0749431,9,1111
da02,1706576520005784,7.0687051,0.82145804,1.0689322,10,1112
da02,1706576520006808,7.0608644,0.80897045,1.0690247,8,1113
da02,1706576520007887,7.0623426,0.81354,1.0815777,8,1114
da02,1706576520008608,7.0621095,0.82919723,1.0954626,8,1115
da02,1706576520009056,7.0477819,0.8247866,1.0941819,8,1116
da02,1706576520009488,7.0547891,0.80556971,1.0888222,9,1117
da02,1706576520009923,7.0483241,0.80899918,1.0932217,7,1118
da02,1706576520010356,7.0634117,0.80475229,1.0943614,10,1119
da02,1706576520010824,7.0466909,0.81402361,1.0823264,8,1120
da02,1706576520011276,7.0466061,0.82881504,1.0878081,8,1121
da02,1706576520011709,7.0557804,0.83559239,1.0880913,10,1122
da02,1706576520012137,7.0640564,0.82616132,1.0795698,10,1123
da02,1706576520012563,7.0682783,0.82317078,1.0761712,10,1124
da02,1706576520012994,7.070797,0.81151795,1.0797392,9,1125
da02,1706576520013420,7.0645728,0.81057739,1.0754951,9,1126
da02,1706576520013848,7.0635018,0.82305145,1.0692471,10,1127
da02,1706576520014274,7.0798569,0.81049317,1.0750197,11,1128
da02,1706576520014704,7.07389,0.81850147,1.067706,10,1129
da02,1706576520015145,7.0691242,0.81919032,1.0707382,9,1130
da02,1706576520015573,7.0701938,0.81527072,1.0742352,9,1131
da02,1706576520016000,7.0720339,0.8190707,1.0787219,9,1132
da02,1706576520016428,7.0690336,0.80837494,1.0827956,8,1133
da02,1706576520016856,7.0731115,0.8132394,1.075604,10,1134
da02,1706576520017283,7.0798173,0.8288824,1.0707173,11,1135
da02,1706576520017714,7.0753875,0.82845318,1.0869561,8,1136
da02,1706576520018142,7.0655141,0.83435738,1.1004177,8,1137
da02,1706576520018570,7.0631909,0.83294672,1.097042,9,1138
da02,1706576520018999,7.0749049,0.8223483,1.1020637,10,1139
da02,1706576520019428,7.0667109,0.80626565,1.0925833,8,1140
da02,1706576520019857,7.0790892,0.80535173,1.0929966,10,1141
da02,1706576520020290,7.0710487,0.81339526,1.0927948,8,1142
da02,1706576520020716,7.0725126,0.82769775,1.0960125,9,1143
da02,1706576520021187,7.0707107,0.82571387,1.1038475,8,1144
da02,1706576520021617,7.0680847,0.81224662,1.0937482,9,1145
da02,1706576520022043,7.0644317,0.81149077,1.0919464,8,1146
da02,1706576520022472,7.0668569,0.7982322,1.0867451,9,1147
da02,1706576520022898,7.0655484,0.79355544,1.0751069,9,1148
da02,1706576520023326,7.0634456,0.81204063,1.0786482,9,1149
da02,1706576520023752,7.0637469,0.80430841,1.0677038,10,1150
da02,1706576520024179,7.0637059,0.81414914,1.0757837,9,1151
da02,1706576520024604,7.0717998,0.81606036,1.078053,10,1152
da02,1706576520025030,7.0720882,0.79652244,1.0737015,9,1153
da02,1706576520025466,7.0578976,0.80111045,1.071031,7,1154
da02,1706576520025890,7.0653262,0.79501289,1.0715553,10,1155
da02,1706576520026321,7.0617614,0.81234932,1.0786657,8,1156
da02,1706576520027376,7.0545406,0.82316267,1.0730045,9,1157
da02,1706576520027857,7.0590019,0.83506775,1.0738306,10,1158
da02,1706576520028301,7.0543838,0.8405357,1.0753473,8,1159
da02,1706576520028730,7.0647769,0.83471107,1.0849484,9,1160
da02,1706576520029158,7.068543,0.81867957,1.0908171,8,1161
da02,1706576520029584,7.0762963,0.806369,1.0989434,9,1162
da02,1706576520030012,7.06025,0.81139874,1.1038365,8,1163
da02,1706576520030437,7.0552454,0.80292487,1.1017623,7,1164
da02,1706576520030900,7.0570006,0.81013364,1.0991732,9,1165
da02,1706576520031348,7.0578122,0.82258648,1.1022313,8,1166
da02,1706576520031778,7.0598011,0.81741124,1.0994757,9,1167
da02,1706576520032205,7.0719233,0.82005173,1.0943251,11,1168
da02,1706576520032632,7.0639615,0.80941761,1.1022267,7,1169
da02,1706576520033058,7.0609732,0.80862087,1.0969033,8,1170
da02,1706576520033484,7.0745258,0.826131,1.0949208,11,1171
da02,1706576520033912,7.0667691,0.8098501,1.0961654,7,1172
da02,1706576520034340,7.080081,0.82373494,1.0929605,11,1173
da02,1706576520034775,7.0800843,0.80818826,1.0923768,9,1174
da02,1706576520035206,7.076386,0.79135036,1.0826229,9,1175
da02,1706576520035634,7.0763688,0.79589021,1.0859571,9,1176
da02,1706576520036064,7.0702267,0.80189252,1.0781866,9,1177
da02,1706576520036495,7.0674124,0.81345975,1.0804998,9,1178
da02,1706576520036922,7.0663428,0.82886904,1.0804029,9,1179
da02,1706576520037348,7.0655107,0.84034103,1.0917952,8,1180
da02,1706576520037777,7.0643163,0.83517945,1.1009775,8,1181
da02,1706576520038205,7.0602531,0.81665319,1.10041,7,1182
da02,1706576520038634,7.06806,0.8179211,1.0967957,10,1183
da02,1706576520039062,7.0689936,0.8158145,1.0930803,9,1184
da02,1706576520039488,7.076324,0.82770824,1.1006463,10,1185
da02,1706576520039916,7.0737591,0.81793541,1.0859226,10,1186
da02,1706576520040346,7.0688939,0.82543367,1.0942233,8,1187
da02,1706576520040774,7.0751419,0.81064421,1.0890598,10,1188
da02,1706576520041290,7.0774393,0.80515146,1.0874257,9,1189
da02,1706576520041733,7.076334,0.80808747,1.0954126,8,1190
da02,1706576520042166,7.0716939,0.81060755,1.1012231,8,1191
da02,1706576520042606,7.0715194,0.82036269,1.1073006,8,1192
da02,1706576520043038,7.0670328,0.816499,1.0941881,9,1193
da02,1706576520043468,7.0698385,0.80651444,1.0970333,9,1194
da02,1706576520043896,7.0684762,0.80235046,1.0972694,8,1195
da02,1706576520044328,7.0733066,0.81801957,1.0918634,10,1196
da02,1706576520044758,7.0639882,0.8265866,1.0926105,8,1197
da02,1706576520045187,7.0710068,0.81639,1.0881442,10,1198
da02,1706576520045616,7.0675321,0.82913738,1.0922438,8,1199
da02,1706576520046045,7.0660014,0.81780595,1.0946733,8,1200
da02,1706576520046474,7.0739584,0.815068,1.092205,10,1201
da02,1706576520046908,7.0679893,0.81655914,1.1008265,7,1202
da02,1706576520047338,7.07684,0.82386494,1.0970669,10,1203
da02,1706576520047765,7.0711913,0.83215261,1.0956998,9,1204
da02,1706576520048194,7.0799694,0.81498903,1.0842264,11,1205
da02,1706576520048623,7.0725574,0.8154183,1.0830631,8,1206
da02,1706576520049052,7.0551028,0.82262015,1.0940535,8,1207
da02,1706576520049479,7.0541387,0.80423659,1.0966594,7,1208
da02,1706576520049906,7.0531807,0.80620307,1.0996307,8,1209
da02,1706576520050332,7.0623484,0.81271827,1.0920964,10,1210
da02,1706576520050760,7.0667691,0.80218428,1.0886242,9,1211
da02,1706576520051233,7.0618019,0.80986965,1.0967753,7,1212
da02,1706576520051664,7.0770679,0.79983133,1.0945313,11,1213
da02,1706576520052099,7.0663562,0.81661195,1.1023631,8,1214
da02,1706576520052526,7.0719419,0.81415308,1.0947392,10,1215
da02,1706576520052954,7.0719409,0.80848032,1.097713,8,1216
da02,1706576520053384,7.0672035,0.81652606,1.0936482,9,1217
da02,1706576520053813,7.0739279,0.80171162,1.0842134,10,1218
da02,1706576520054241,7.0656619,0.80988407,1.0889006,8,1219
da02,1706576520054668,7.0631981,0.82132125,1.0868134,9,1220
da02,1706576520055100,7.056673,0.8122372,1.0872375,7,1221
da02,1706576520055530,7.0569086,0.81821889,1.088936,8,1222
da02,1706576520055957,7.0611835,0.82986933,1.0864477,10,1223
da02,1706576520056386,7.05466,0.82574862,1.0918236,7,1224
da02,1706576520056814,7.070231,0.81327164,1.0753496,12,1225
da02,1706576520057245,7.0786185,0.81242692,1.0826333,10,1226
da02,1706576520057674,7.0728707,0.80226445,1.0781255,9,1227
da02,1706576520058103,7.0715322,0.8226468,1.0867476,9,1228
da02,1706576520058530,7.0790944,0.82992041,1.0858279,10,1229
da02,1706576520058958,7.0717282,0.81347269,1.0828707,8,1230
da02,1706576520059386,7.0758619,0.81852114,1.082263,10,1231
da02,1706576520059814,7.0714889,0.81173629,1.0778633,9,1232
da02,1706576520060242,7.0728722,0.82197076,1.0909247,9,1233
da02,1706576520060669,7.0758095,0.83460331,1.0853871,10,1234
da02,1706576520061132,7.0726805,0.81590205,1.0888898,8,1235
da02,1706576520061562,7.0717149,0.81278753,1.088133,9,1236
da02,1706576520061992,7.0665245,0.80137676,1.0935521,7,1237
da02,1706576520062425,7.0658016,0.81203836,1.0837754,10,1238
da02,1706576520062852,7.0526161,0.82420176,1.0965203,8,1239
da02,1706576520063280,7.0557179,0.83105344,1.0839932,10,1240
da02,1706576520063706,7.0663915,0.81714189,1.0780228,10,1241
da02,1706576520064134,7.058732,0.8049612,1.0858189,7,1242
da02,1706576520064562,7.0695486,0.81216991,1.0874476,10,1243
da02,1706576520064991,7.057652,0.80457121,1.0872347,7,1244
da02,1706576520065417,7.0622077,0.81365436,1.0881548,9,1245
da02,1706576520065844,7.0693789,0.80029166,1.0855036,9,1246
da02,1706576520066273,7.0684757,0.80069011,1.08693,9,1247
da02,1706576520066703,7.0740976,0.8126356,1.0926864,9,1248
da02,1706576520067136,7.0688887,0.8152284,1.080853,9,1249
da02,1706576520067570,7.0667939,0.82308668,1.0835477,9,1250
da02,1706576520068001,7.0657425,0.82079643,1.0802813,9,1251
da02,1706576520068430,7.067749,0.8097201,1.0831041,9,1252
da02,1706576520068858,7.0686879,0.81414551,1.0842429,9,1253
da02,1706576520069288,7.053174,0.8086291,1.0854071,7,1254
da02,1706576520069719,7.043159,0.82064414,1.082041,8,1255
da02,1706576520070148,7.0484624,0.81182218,1.089471,8,1256
da02,1706576520070576,7.0540833,0.80152339,1.0759262,10,1257
da02,1706576520071034,7.0514646,0.81459689,1.0828279,8,1258
da02,1706576520071467,7.0687437,0.81722993,1.0834193,11,1259
da02,1706576520071892,7.0693426,0.82310051,1.0931957,8,1260
da02,1706576520072319,7.0780797,0.81193745,1.0935788,10,1261
da02,1706576520072751,7.0704188,0.81049395,1.0907112,8,1262
da02,1706576520073181,7.0666323,0.80646956,1.0821029,9,1263
da02,1706576520073610,7.070034,0.81961793,1.0779175,10,1264
da02,1706576520074037,7.0547447,0.82429934,1.0905457,8,1265
da02,1706576520074464,7.0671167,0.8117153,1.0950264,9,1266
da02,1706576520074891,7.0661292,0.82653433,1.0833149,10,1267
da02,1706576520075322,7.0857816,0.808273,1.0807923,11,1268
da02,1706576520075750,7.0778537,0.82040155,1.0949653,8,1269
da02,1706576520076175,7.0786481,0.81432384,1.0976644,9,1270
da02,1706576520076604,7.091167,0.8107059,1.0908576,11,1271
da02,1706576520077032,7.0836172,0.81300884,1.0850706,9,1272
da02,1706576520077462,7.0712605,0.82769519,1.0841669,8,1273
da02,1706576520077894,7.0873013,0.83679742,1.0842458,12,1274
da02,1706576520078322,7.0876689,0.82816905,1.0808018,10,1275
da02,1706576520078750,7.0857573,0.83923483,1.0780715,10,1276
da02,1706576520079178,7.0997405,0.81853968,1.0747457,12,1277
da02,1706576520079604,7.0815687,0.82471138,1.0796338,8,1278
da02,1706576520080032,7.0771046,0.82838595,1.0767615,9,1279
da02,1706576520080460,7.0846539,0.81741369,1.0802723,10,1280
da02,1706576520080921,7.08437,0.821427,1.0881873,9,1281
da02,1706576520081356,7.0746064,0.8269437,1.0885093,8,1282
da02,1706576520081786,7.084784,0.83651257,1.091278,11,1283
da02,1706576520082213,7.0760255,0.84053731,1.0874683,9,1284
da02,1706576520082641,7.0648065,0.82475322,1.0862991,7,1285
da02,1706576520083076,7.0644321,0.81083387,1.0714021,10,1286
da02,1706576520083506,7.0671263,0.80527133,1.0709648,9,1287
da02,1706576520083933,7.071063,0.82460797,1.0777516,10,1288
da02,1706576520084359,7.0568151,0.8179841,1.0868293,7,1289
da02,1706576520084786,7.0703959,0.82308882,1.0880371,10,1290
da02,1706576520085215,7.0662384,0.8151288,1.086265,8,1291
da02,1706576520085640,7.0744071,0.82168353,1.0822579,11,1292
da02,1706576520086068,7.0652714,0.82449269,1.0849708,8,1293
da02,1706576520086495,7.0646467,0.81846374,1.08408,9,1294
da02,1706576520086923,7.0684047,0.83519465,1.0931339,9,1295
da02,1706576520087351,7.0591555,0.81397861,1.0999147,7,1296
da02,1706576520087779,7.05703,0.80903041,1.0968617,8,1297
da02,1706576520088211,7.052186,0.81838167,1.0932198,8,1298
da02,1706576520089367,7.0533037,0.81423771,1.089506,9,1299
da02,1706576520089885,7.0572963,0.82909232,1.0879189,9,1300
da02,1706576520090342,7.0553489,0.8151418,1.077562,9,1301
da02,1706576520090778,7.060751,0.80248505,1.0824963,9,1302
da02,1706576520091270,7.0628252,0.82243955,1.0910752,9,1303
da02,1706576520091699,7.0537586,0.81115556,1.0931023,7,1304
da02,1706576520092126,7.0703106,0.82244581,1.0975026,11,1305
da02,1706576520092553,7.0739255,0.83155549,1.0967884,10,1306
da02,1706576520092982,7.0654397,0.82255286,1.0940611,8,1307
da02,1706576520093410,7.0670638,0.81478018,1.0972044,8,1308
da02,1706576520093843,7.062223,0.83007711,1.1080778,8,1309
da02,1706576520094279,7.0549126,0.8352161,1.1099455,8,1310
da02,1706576520094710,7.052906,0.83352041,1.1162195,8,1311
da02,1706576520095142,7.0438414,0.69186181,1.0824846,70,1312
da02,1706576520095576,7.0429029,0.71552354,1.0864346,7,1313
da02,1706576520096004,7.051837,0.75172079,1.0877173,9,1314
da02,1706576520096431,7.0613289,0.7730419,1.0759665,11,1315
da02,1706576520096858,7.0622196,0.77049118,1.0756568,9,1316
da02,1706576520097286,7.0741515,0.78111607,1.08022,10,1317
da02,1706576520097714,7.0708933,0.78628361,1.0870514,8,1318
da02,1706576520098141,7.06698,0.81134665,1.0957614,8,1319
da02,1706576520098570,7.0738158,0.81655258,1.0965003,10,1320
da02,1706576520099005,7.07386,0.82745159,1.0993607,9,1321
da02,1706576520099444,7.070385,0.8157866,1.0986159,8,1322
da02,1706576520099878,7.0657625,0.8145045,1.0983448,8,1323
da02,1706576520100308,7.0620966,0.825831,1.1021991,8,1324
da02,1706576520100742,7.0552039,0.80733293,1.1015637,7,1325
da02,1706576520101212,7.0597172,0.80862159,1.0980608,9,1326
da02,1706576520101642,7.067286,0.80888772,1.1004882,9,1327
da02,1706576520102070,7.0716929,0.81915796,1.0982769,10,1328
da02,1706576520102500,7.0788321,0.826539,1.0968465,10,1329
da02,1706576520102930,7.0821185,0.81634682,1.0950947,9,1330
da02,1706576520103359,7.0799751,0.81205279,1.0845996,10,1331
da02,1706576520103792,7.0903268,0.80296874,1.0809202,11,1332
da02,1706576520104223,7.0841079,0.80492914,1.0918032,8,1333
da02,1706576520104658,7.0694761,0.81376219,1.0910107,8,1334
da02,1706576520105093,7.0606718,0.82708275,1.0958877,8,1335
da02,1706576520105525,7.0620313,0.81629789,1.089553,9,1336
da02,1706576520106022,7.06533,0.80823213,1.088012,9,1337
da02,1706576520106626,7.074533,0.81352413,1.0849422,10,1338
da02,1706576520107214,7.0705032,0.8068468,1.0833093,8,1339
da02,1706576520107676,7.06959,0.81082934,1.0919251,8,1340
da02,1706576520108108,7.0667415,0.80819929,1.0895844,8,1341
da02,1706576520108538,7.0532713,0.80157483,1.0856627,7,1342
da02,1706576520108968,7.05516,0.80723965,1.0891234,8,1343
da02,1706576520109396,7.0559626,0.80327517,1.0830086,9,1344
da02,1706576520109825,7.0631943,0.81609046,1.0817415,10,1345
da02,1706576520110260,7.0827966,0.82101762,1.0923611,11,1346
da02,1706576520110688,7.0778313,0.81247443,1.0923685,8,1347
da02,1706576520111168,7.0750241,0.82183826,1.0857153,10,1348
da02,1706576520111598,7.0708036,0.8164444,1.0887183,8,1349
da02,1706576520112026,7.0792623,0.8278634,1.0905353,10,1350
da02,1706576520112456,7.0673671,0.830632,1.0869926,8,1351
da02,1706576520112885,7.0628834,0.81742561,1.0772005,9,1352
da02,1706576520113313,7.0547047,0.82199216,1.0870198,8,1353
da02,1706576520113741,7.040288,0.81909716,1.0743284,7,1354
da02,1706576520114169,7.0441046,0.80839533,1.0722318,9,1355
da02,1706576520114596,7.0403905,0.80666739,1.0717534,8,1356
da02,1706576520115032,7.0585403,0.80750841,1.0794003,10,1357
da02,1706576520115464,7.0624452,0.819643,1.0747492,10,1358
da02,1706576520115895,7.0660954,0.82902646,1.0851487,9,1359
da02,1706576520116323,7.0623565,0.83674616,1.0884807,8,1360
da02,1706576520116752,7.0675426,0.82175279,1.0773923,10,1361
da02,1706576520117177,7.0602136,0.81894422,1.0795196,8,1362
da02,1706576520117604,7.0596218,0.81763071,1.0889416,8,1363
da02,1706576520118032,7.0613642,0.825673,1.0869426,9,1364
da02,1706576520118460,7.0697875,0.839173,1.0951003,10,1365
da02,1706576520118888,7.0755754,0.83555782,1.0942253,10,1366
da02,1706576520119318,7.0711217,0.83347285,1.0934464,8,1367
da02,1706576520119744,7.0725789,0.81965858,1.0803421,10,1368
da02,1706576520120171,7.0711107,0.8007071,1.0787276,9,1369
da02,1706576520120603,7.0725536,0.81932122,1.0820318,10,1370
da02,1706576520121083,7.0736527,0.80904484,1.071781,10,1371
da02,1706576520121549,7.0757055,0.82005572,1.0708518,10,1372
da02,1706576520121988,7.0779719,0.82976294,1.0768002,10,1373
da02,1706576520122417,7.0664134,0.83088923,1.0839467,8,1374
da02,1706576520122846,7.0669923,0.84592026,1.100637,8,1375
da02,1706576520123275,7.0588236,0.82692552,1.0941514,8,1376
da02,1706576520123704,7.065619,0.81473929,1.0916138,9,1377
da02,1706576520124132,7.0494728,0.82469559,1.1040269,9,1378
da02,1706576520124562,7.0599,0.827293,1.104394,9,1379
da02,1706576520124988,7.0513906,0.8260377,1.1028044,7,1380
da02,1706576520125417,7.0567851,0.82599628,1.1038682,9,1381
da02,1706576520125851,7.0630341,0.808384,1.0975118,9,1382
da02,1706576520126280,7.0542965,0.80024278,1.0989796,7,1383
da02,1706576520126706,7.0520835,0.80888212,1.0882727,9,1384
da02,1706576520127132,7.0507488,0.81825507,1.0938085,8,1385
da02,1706576520127558,7.054431,0.81864733,1.0945818,9,1386
da02,1706576520127984,7.0572405,0.8133257,1.100979,8,1387
da02,1706576520128410,7.0611115,0.82208562,1.0967348,9,1388
da02,1706576520128837,7.0581861,0.81098145,1.0920558,8,1389
da02,1706576520129262,7.0511446,0.81950396,1.0836527,8,1390
da02,1706576520129688,7.0379739,0.82007134,1.1006418,8,1391
da02,1706576520130116,7.0444951,0.8192808,1.0945054,9,1392
da02,1706576520130544,7.0436945,0.81296659,1.1048133,7,1393
da02,1706576520131012,7.0386271,0.80592138,1.1016502,7,1394
da02,1706576520131447,7.0437241,0.81420946,1.1049756,8,1395
da02,1706576520131874,7.05178,0.81976604,1.1010927,9,1396
da02,1706576520132402,7.0492215,0.81337297,1.090764,8,1397
da02,1706576520132861,7.0713563,0.81568187,1.0794102,12,1398
da02,1706576520133295,7.069088,0.81856662,1.0858479,8,1399
da02,1706576520133726,7.0769544,0.81825149,1.0925498,9,1400
da02,1706576520134154,7.0873475,0.8304444,1.0854087,12,1401
da02,1706576520134587,7.0756183,0.83812505,1.0920473,8,1402
da02,1706576520135016,7.055439,0.8205685,1.0877578,7,1403
da02,1706576520135445,7.0655713,0.81749749,1.0973346,9,1404
da02,1706576520135874,7.0757165,0.83056247,1.0912105,11,1405
da02,1706576520136304,7.0821462,0.81152058,1.0955095,9,1406
da02,1706576520136734,7.0818529,0.81104827,1.0915538,9,1407
da02,1706576520137163,7.0783315,0.80280584,1.0794797,10,1408
da02,1706576520137592,7.0764637,0.79471582,1.0797243,9,1409
da02,1706576520138020,7.071403,0.80321556,1.081522,9,1410
da02,1706576520138449,7.0743251,0.795447,1.0793635,9,1411
da02,1706576520138879,7.0832543,0.79984504,1.0792205,11,1412
da02,1706576520139310,7.0938859,0.79720849,1.0776454,11,1413
da02,1706576520139740,7.0862193,0.78898412,1.0834175,8,1414
da02,1706576520140167,7.0897627,0.80167669,1.0849615,10,1415
da02,1706576520140592,7.0995746,0.79900789,1.0731364,12,1416
da02,1706576520141057,7.0863228,0.81421542,1.0797677,8,1417
da02,1706576520141504,7.0840755,0.81713718,1.093925,8,1418
da02,1706576520141944,7.0811605,0.80624092,1.0844061,9,1419
da02,1706576520142380,7.0706925,0.8136369,1.0918137,8,1420
da02,1706576520142814,7.0707889,0.79945213,1.0879798,9,1421
da02,1706576520143245,7.0568504,0.80779248,1.0831726,7,1422
da02,1706576520143673,7.06572,0.82323164,1.0813956,10,1423
da02,1706576520144100,7.0696459,0.80857605,1.0888691,8,1424
da02,1706576520144529,7.0639596,0.81466347,1.0969589,7,1425
da02,1706576520144956,7.0649972,0.81632769,1.1108512,7,1426
da02,1706576520145381,7.0599947,0.80439037,1.1022652,8,1427
da02,1706576520145810,7.059567,0.7999838,1.1038786,8,1428
da02,1706576520146236,7.0616961,0.81320858,1.0957654,9,1429
da02,1706576520146669,7.05578,0.81486624,1.0826373,9,1430
da02,1706576520147099,7.0604196,0.82174975,1.0836573,9,1431
da02,1706576520147526,7.0536032,0.82676065,1.0870595,8,1432
da02,1706576520147953,7.0625105,0.80936843,1.0908346,9,1433
da02,1706576520148382,7.0730786,0.82032895,1.0913688,10,1434
da02,1706576520148807,7.0649033,0.80736822,1.0917344,7,1435
da02,1706576520149234,7.0748863,0.81658119,1.0950959,10,1436
da02,1706576520149660,7.0736613,0.81852829,1.0956217,9,1437
da02,1706576520150089,7.0694284,0.81322396,1.0909592,9,1438
da02,1706576520150516,7.0511503,0.82692164,1.0973163,9,1439
da02,1706576520150980,7.05786,0.81995374,1.0973227,9,0
da02,1706576520151417,7.0609097,0.8199383,1.0969306,9,1
da02,1706576520151850,7.0590577,0.81730449,1.0867592,9,2
da02,1706576520152279,7.0499506,0.82156092,1.0844029,8,3
da02,1706576520152705,7.05636,0.83085757,1.0875249,9,4
da02,1706576520153130,7.0565872,0.8134464,1.085953,8,5
da02,1706576520153556,7.0548844,0.798857,1.0823059,8,6
da02,1706576520153983,7.0630326,0.81867707,1.0894076,10,7
da02,1706576520154413,7.0660949,0.81002778,1.0841281,9,8
da02,1706576520154842,7.0752749,0.82787013,1.0875758,10,9
da02,1706576520156070,7.0617576,0.8275575,1.0946826,8,10
da02,1706576520156552,7.0461159,0.81606472,1.0866349,7,11
da02,1706576520156996,7.0546236,0.82789445,1.0854897,10,12
da02,1706576520157428,7.0558352,0.82061523,1.0972066,7,13
da02,1706576520157862,7.0665584,0.82918072,1.0877841,11,14
da02,1706576520158290,7.0613813,0.848026,1.0869884,9,15
da02,1706576520158717,7.070694,0.825347,1.0827041,10,16
da02,1706576520159143,7.0589752,0.8327722,1.0880805,8,17
da02,1706576520159570,7.0651054,0.80857563,1.0891931,9,18
da02,1706576520159999,7.0629935,0.80688322,1.086486,9,19
da02,1706576520160428,7.0635071,0.81802362,1.0802567,10,20
da02,1706576520160902,7.0552893,0.81578428,1.0757277,8,21
da02,1706576520161346,7.0619493,0.82282418,1.0806634,9,22
da02,1706576520161776,7.0535212,0.83211839,1.0751747,8,23
da02,1706576520162203,7.0532751,0.8177852,1.0704335,9,24
da02,1706576520162630,7.0543418,0.82349694,1.0767016,8,25
da02,1706576520163065,7.0530181,0.81766623,1.0787512,8,26
da02,1706576520163494,7.0693421,0.80792475,1.0744259,11,27
da02,1706576520163922,7.0766292,0.82069457,1.082461,10,28
da02,1706576520164348,7.0625463,0.83667552,1.0919584,8,29
da02,1706576520164777,7.0698233,0.827317,1.0962554,9,30
da02,1706576520165203,7.0652628,0.82882512,1.0869838,9,31
da02,1706576520165630,7.0556049,0.814818,1.0896935,7,32
da02,1706576520166057,7.0671334,0.79744196,1.0899496,9,33
da02,1706576520166486,7.0567236,0.80929518,1.0861789,8,34
da02,1706576520166914,7.0472059,0.80656171,1.0814289,7,35
da02,1706576520167341,7.0498152,0.81398606,1.0807778,9,36
da02,1706576520167767,7.0485597,0.82923681,1.0779643,9,37
da02,1706576520168206,7.0533872,0.81189412,1.0830343,8,38
da02,1706576520168637,7.0621443,0.813962,1.0850905,10,39
da02,1706576520169065,7.0647573,0.80045897,1.0805516,9,40
da02,1706576520169492,7.0559916,0.81715268,1.0806988,8,41
da02,1706576520169920,7.0621805,0.8198055,1.074306,10,42
da02,1706576520170348,7.0642214,0.81421226,1.0816857,8,43
da02,1706576520170778,7.0686579,0.8182705,1.091634,9,44
da02,1706576520171248,7.0805492,0.81435537,1.0922847,10,45
da02,1706576520171680,7.071238,0.80554116,1.0879638,8,46
da02,1706576520172107,7.052669,0.81110084,1.0955148,8,47
da02,1706576520172536,7.0523009,0.79899418,1.0874134,8,48
da02,1706576520172965,7.0524855,0.80826974,1.0893606,8,49
da02,1706576520173395,7.0560942,0.81304073,1.0892205,9,50
da02,1706576520173822,7.0614533,0.81853771,1.0865308,10,51
da02,1706576520174250,7.0589652,0.82330155,1.0876502,8,52
da02,1706576520174677,7.056365,0.82423085,1.0929102,8,53
da02,1706576520175104,7.0588365,0.80851412,1.0969723,8,54
da02,1706576520175530,7.063199,0.81110048,1.0823048,10,55
da02,1706576520175958,7.0689659,0.82041472,1.0933092,9,56
da02,1706576520176386,7.0713711,0.68588752,1.0749741,70,57
da02,1706576520176812,7.0667763,0.72461212,1.0727956,9,58
da02,1706576520177241,7.051168,0.7530942,1.07554,8,59
da02,1706576520177667,7.0507536,0.75697559,1.0792677,8,60
da02,1706576520178094,7.0592151,0.78582066,1.0804461,10,61
da02,1706576520178526,7.0555935,0.78375632,1.0877138,7,62
da02,1706576520178956,7.0599909,0.7920599,1.0880301,9,63
da02,1706576520179382,7.0585032,0.81167269,1.0862471,9,64
da02,1706576520179809,7.0523224,0.80910826,1.089556,7,65
da02,1706576520180234,7.0520988,0.81734651,1.0902879,8,66
da02,1706576520180660,7.0621042,0.80947357,1.0826354,10,67
da02,1706576520181124,7.0716891,0.79168409,1.0792446,10,68
da02,1706576520181556,7.0717649,0.79393369,1.0716635,10,69
da02,1706576520181986,7.0801082,0.8043111,1.0717254,11,70
da02,1706576520182415,7.0769105,0.80448633,1.0704266,9,71
da02,1706576520182842,7.0790014,0.811443,1.0666857,10,72
da02,1706576520183270,7.0786219,0.81848592,1.0662047,10,73
da02,1706576520183702,7.073648,0.80492491,1.0713464,8,74
da02,1706576520184130,7.070879,0.80602014,1.0783583,8,75
da02,1706576520184557,7.0775023,0.81181633,1.0855528,10,76
da02,1706576520184983,7.0746951,0.82347828,1.0965995,8,77
da02,1706576520185407,7.0699859,0.83037287,1.0960218,9,78
da02,1706576520185832,7.0604968,0.82687074,1.0969064,7,79
da02,1706576520186259,7.0499578,0.82305723,1.1057756,8,80
da02,1706576520186686,7.0561795,0.82005781,1.098483,9,81
da02,1706576520187114,7.0579686,0.83044529,1.0965586,9,82
da02,1706576520187559,7.0607719,0.81807232,1.0921571,9,83
da02,1706576520188036,7.0589476,0.81586003,1.0907531,8,84
da02,1706576520188473,7.0666037,0.7990756,1.0854623,10,85
da02,1706576520188906,7.0682607,0.80356812,1.0825529,9,86
da02,1706576520189341,7.061285,0.81908041,1.0902885,8,87
da02,1706576520189776,7.0641079,0.80545789,1.0772605,10,88
da02,1706576520190207,7.0606637,0.80829459,1.0740483,9,89
da02,1706576520190640,7.0610075,0.79428673,1.0711331,9,90
da02,1706576520191148,7.057981,0.798004,1.0752789,8,91
da02,1706576520191592,7.0507426,0.80222088,1.0788951,7,92
da02,1706576520192024,7.0638328,0.81756908,1.0821166,10,93
da02,1706576520192452,7.06889,0.81146276,1.0901345,9,94
da02,1706576520192880,7.0762353,0.80018514,1.0932583,9,95
da02,1706576520193308,7.0837507,0.81535077,1.0873998,11,96
da02,1706576520193740,7.0868692,0.81472081,1.0860515,10,97
da02,1706576520194178,7.0714426,0.8267588,1.0809358,8,98
da02,1706576520194613,7.0681925,0.81678855,1.0765264,9,99
da02,1706576520195047,7.0775418,0.8102082,1.0831629,10,100
da02,1706576520195480,7.0774851,0.81976455,1.0830909,10,101
da02,1706576520195912,7.0795059,0.81611347,1.0853935,9,102
da02,1706576520196343,7.0773883,0.82678258,1.0847445,9,103
da02,1706576520196770,7.0667796,0.82454538,1.0947237,7,104
da02,1706576520197200,7.0808659,0.81200814,1.0783224,12,105
da02,1706576520197630,7.0745745,0.82410753,1.0716537,10,106
da02,1706576520198060,7.0821357,0.83255494,1.0697734,11,107
da02,1706576520198490,7.0810628,0.82642257,1.0773715,9,108
da02,1706576520198924,7.0680003,0.82691944,1.0777397,8,109
da02,1706576520199362,7.0678244,0.82028913,1.082158,9,110
da02,1706576520199798,7.0689573,0.8097536,1.0721531,10,111
da02,1706576520200231,7.0623255,0.81556195,1.0770926,8,112
da02,1706576520200663,7.0789933,0.82132196,1.0948838,10,113
da02,1706576520201130,7.0644779,0.82718855,1.090185,8,114
da02,1706576520201561,7.064537,0.81449783,1.0835503,9,115
da02,1706576520201990,7.068646,0.81328124,1.0825845,9,116
da02,1706576520202418,7.0687766,0.80638415,1.0707108,10,117
da02,1706576520202848,7.0598269,0.79425037,1.0734421,7,118
da02,1706576520203277,7.0536919,0.79682261,1.0737565,8,119
da02,1706576520203710,7.0679078,0.789625,1.0791109,10,120
da02,1706576520204142,7.0630169,0.80348468,1.080359,8,121
da02,1706576520204581,7.0677037,0.81696957,1.081455,10,122
da02,1706576520205014,7.0649686,0.80978769,1.0872194,8,123
da02,1706576520205448,7.0749025,0.82289732,1.0856124,11,124
da02,1706576520205924,7.0853419,0.81108075,1.0857009,10,125
da02,1706576520206512,7.090857,0.80443996,1.0832075,10,126
da02,1706576520207094,7.0819163,0.80300772,1.088181,8,127
da02,1706576520207556,7.0866036,0.80658877,1.0905076,10,128
da02,1706576520207989,7.0858359,0.81443864,1.0924293,9,129
da02,1706576520208419,7.0871205,0.82407975,1.0933806,10,130
da02,1706576520208848,7.0792131,0.81327862,1.083086,9,131
da02,1706576520209274,7.0664692,0.80053419,1.0909426,7,132
da02,1706576520209703,7.0629005,0.7974444,1.0946294,8,133
da02,1706576520210137,7.0664554,0.81239682,1.0962445,9,134
da02,1706576520210568,7.064847,0.80450195,1.0924947,8,135
da02,1706576520211056,7.0622115,0.79332447,1.0797194,9,136
da02,1706576520211512,7.05342,0.805829,1.0795513,8,137